{"ElevationGain": 0.08088926374096386, "TimeFromSeattle": 0.15267880383054017, "Coast": 0.002390998999926175, "DogsAllowed": 0.0012553190403816, "EstablishedCampsites": 0.01015433268815869, "FallFoliage": 0.03621965292388979, "GoodForKids": 0.0, "Lakes": 0.008223032157539938, "MountainViews": 0.018512043506946005, "OldGrowth": 0.025258605813801176, "RidgesPasses": 0.004037668934122245, "Rivers": 0.007060788267084692, "Summits": 0.010542753598486509, "Waterfalls": 0.00019599592911147094, "WildflowersMeadows": 0.002537626643713041, "Wildlife": 0.017885814526906914, "countTripReports": 0.5443232877124791, "distance": 0.07783401168594875}