{
    "wildlife": 0.02294547318827456, 
    "rivers": 0.0077048155791259966, 
    "mileage": 0.16841732470630383, 
    "campsites": 0.007265152002914418, 
    "waterfalls": 0.013400840316294587, 
    "ridges": 0.0017456838896329156, 
    "dogs_ok": 0.015485443549527633, 
    "coast": 0.0008605416502796801, 
    "kids_ok": 0.018869290343909564, 
    "mountains": 0.008364118987063957, 
    "lakes": 0.0025923560848305394, 
    "summits": 0.023042377674711238, 
    "old_growth": 0.006148622728215646, 
    "tripreport_count": 0.23698143453301185, 
    "elevation_gain": 0.19793960947377007, 
    "wildflowers": 0.0018299341255906603, 
    "foliage": 0.003734896224677904
}