{"Wildlife": 0.02294547318827456, "Rivers": 0.0077048155791259966, "total_dist": 0.16841732470630383, "Established campsites": 0.007265152002914418, "Waterfalls": 0.013400840316294587, "Ridges/passes": 0.0017456838896329156, "Dogs allowed on leash": 0.015485443549527633, "Coast": 0.0008605416502796801, "Good for kids": 0.018869290343909564, "Mountain views": 0.008364118987063957, "Lakes": 0.0025923560848305394, "Summits": 0.023042377674711238, "time_from_seattle": 0.26267208494186467, "Old growth": 0.006148622728215646, "numReports": 0.23698143453301185, "elevation": 0.19793960947377007, "Wildflowers/Meadows": 0.0018299341255906603, "Fall foliage": 0.003734896224677904}